full_name,group
สุนันท์ อึ้งทรงธรรม,มดงาน
วิทวัส ต.แสงจันทร์,มดงาน
สายรุ้ง บัณฑราภิวัฒน์,ประชาธิปัตย์
สุทิน ชูสงวน,ประชาธิปัตย์
พลภูมิ วิภัติภูมิประเทศ,ไทยรักไทย
วิไล สมพันธุ์,พลังไทย
พิบูลย์ศักดิ์ นาคีรักษ์,มดงาน
อภิชาติ หาลำเจียก,มดงาน
ธวัชชัย ทองสิมา,มดงาน
สุทธิชัย วีรกุลสุนทร,มดงาน
สมปอง โสภณดิเรกรัตน์,ประชากรไทย
ประเสริฐศักดิ์ ลิ่มทอง,ประชาธิปัตย์
ธนา ชีรวินิจ,ประชาธิปัตย์
ณัฏฐพล กรรณสูต,ประชาธิปัตย์
สุพัฒน์ ชลิตานนท์,มดงาน
สกุล โตโสภณ,ประชาธิปัตย์
สุไหง แสวงสุข,ประชาธิปัตย์
โสภณ ขวัญบัว,ประชาธิปัตย์
สมชาย เอี่ยมมงคลสกุล,มดงาน
เอนก หุตังคบดี,มดงาน
ชนินทร์ รุ่งแสง,ประชากรไทย
ชาติกล้า ประกอบผล,มดงาน
สุรันต์ จันทร์พิทักษ์,มดงาน
ชัยวุฒิ จริยวิโรจน์สกุล,พลังไทย
ทนงศักดิ์ วิสฤดาภา,มดงาน
ปราณี เชื้อเกตุ,พลังไทย
พงษ์พิสุทธิ์ จินตโสภณ,พลังไทย
สมเกียรติ ลิ้มเลิศวสุ,ประชาธิปัตย์
เจือ พงษ์หิรัญ,ประชาธิปัตย์
เพทาย จั่นเผื่อน,ประชาธิปัตย์
ศิริพงษ์ ลิมปิชัย,ไทยรักไทย
จิณาภา ทรัพย์วิสุทธิ์,มดงาน
สมพงษ์ เก่งรุ่งเรืองชัย,มดงาน
คำรณ บำรุงรักษ์,พลังไทย
พยงค์ ช้างเจริญ,พัฒนาบางขุนเทียน
ทวีศักดิ์ กมลเวชช,ประชากรไทย
ศุภวรรณ (พรรณทิพย์) ยอดวิเศษ,มดงาน
พิพัฒน์ ลาภปรารถนา,ประชาธิปัตย์
วินัย พุกรักษา,พลังไทย
อรอนงค์ กาญจนชูศักดิ์,ประชาธิปัตย์
ประจวบ อึ๊งภากรณ์,พลังไทย
กิตพล เชิดชูกิจกุล,ประชาธิปัตย์
ศิริ หวังบุญเกิด,พลังไทย
เจิมมาศ จึงเลิศศิริ,ประชาธิปัตย์
วัจนา สุทัศน์ ณ อยุธยา,มดงาน
สมชาย สัจจะ,ประชาธิปัตย์
แก้ว แห้วสันตติ,มดงาน
สุธา นิติภานนท์,ประชาธิปัตย์
วิรัตน์ มีนชัยนันท์,ไทยรักไทย
วิชาญ มีนชัยนันท์,ประชาธิปัตย์
อมรเทพ เศตะพราหมณ์,ประชาธิปัตย์
ผุสดี วงศ์กำแหง,ประชากรไทย
ไสว โชติกะสุภา,ประชาธิปัตย์
วิสูตร สำเร็จวาณิชย์,ประชาธิปัตย์
ชนัตพล เหมวุฒิ,พลังไทย
บำรุง รัตนะ,พลังไทย
สามารถ มะลูลีม,ประชาธิปัตย์
นฤมล รัตนาภิบาล,มดงาน
ประสิทธิ์ มะหะหมัด,พลังไทย
พินิจ กาญจนชูศักดิ์,ประชาธิปัตย์
ธวัชชัย ปิยนนทยา,ประชาธิปัตย์
เดชา ยิ้มอำนวย,มดงาน
เนาวรัตน์ อยู่บำรุง,มวลชน
ไพฑูรย์ อิสระเสรีพงษ์,บ้านมิตรภาพ
อภิญญา สุนทรสาธิต,พลังไทย
ประเดิมชัย บุญช่วยเหลือ,มดงาน
พยงค์ ช้างเจริญ,ประชาธิปัตย์
สุนันท์ อึ้งทรงธรรม,ไทยรักไทย
สายรุ้ง ปิ่นโมรา,ประชาธิปัตย์
วิรัช อินช่วย,ประชาธิปัตย์
พลภูมิ วิภัติภูมิประเทศ,ไทยรักไทย
ประพนธ์ เนตรรังษี,ไทยรักไทย
อภิชาติ หาลำเจียก,ไทยรักไทย
ธวัชชัย ทองสิมา,มดงาน
สุทธิชัย วีรกุลสุนทร,ไทยรักไทย
รัชดาวรรณ โหสกุล,ชาติไทย
การุณ โหสกุล,ชาติไทย
สมปอง โสภณดิเรกรัตน์,ชาติไทย
อนงค์ เพชรทัต,ชาติพัฒนา
ชูพงษ์ เพชรทัต,ชาติพัฒนา
ธนา ชีรวินิจ,ประชาธิปัตย์
ศิริพงษ์ ลิมปิชัย,ไทยรักไทย
สกุล โตโสภณ,ประชาธิปัตย์
วันชัย เปี่ยมสวัสดิ์,ประชาธิปัตย์
โสภณ ขวัญบัว,ประชาธิปัตย์
สุพัฒน์ ชลิตานนท์,ประชาธิปัตย์
สมชาย เอี่ยมมงคลสกุล,มดงาน
วิชัย หุตังคบดี,ไทยรักไทย
ชนินทร์ รุ่งแสง,ประชากรไทย
วิรัช คงคาเขตร,ประชาธิปัตย์
สุรันต์ จันทร์พิทักษ์,ประชาธิปัตย์
ชัยวุฒิ จริยวิโรจน์สกุล,ไทยรักไทย
สาทร ม่วงศิริ,ไทยรักไทย
นภาพล จีระกุล,ประชาธิปัตย์
สายันต์ จันทร์เหมือนเผือก,ไทยรักไทย
ฐิติโชค กาญจนภักดี,ไทยรักไทย
อภิมุข ฉันทวานิช,ไทยรักไทย
พงษ์พิสุทธิ์ จินตโสภณ,ไทยรักไทย
ปราณี เชื้อเกตุ,ประชาธิปัตย์
สุพิน คล้ายนก,อิสระ
เพทาย จั่นเผื่อน,ประชาธิปัตย์
พรพิมล คงอุดม,ประชาธิปัตย์
สมพงษ์ เก่งรุ่งเรืองชัย,ไทยรักไทย
คำรณ บำรุงรักษ์,ไทยรักไทย
สารัช ม่วงศิริ,ประชาธิปัตย์
ทวีศักดิ์ กมลเวชช,ประชาธิปัตย์
จักรพันธ์ พรนิมิตร,ประชาธิปัตย์
พิพัฒน์ ลาภปรารถนา,ประชาธิปัตย์
วินัย (ธนกฤช) พุกรักษา,ไทยรักไทย
อรอนงค์ กาญจนชูศักดิ์,ประชาธิปัตย์
กิตพล เชิดชูกิจกุล,ประชาธิปัตย์
เอก จึงเลิศศิริ,ประชาธิปัตย์
เจิมมาศ จึงเลิศศิริ,ประชาธิปัตย์
กวี ณ ลำปาง,ไทยรักไทย
สมชาย สัจจะ,ไทยรักไทย
แก้ว แห้วสันตติ,ประชาธิปัตย์
สุธา นิติภานนท์,ประชาธิปัตย์
วิรัตน์ มีนชัยนันท์,ไทยรักไทย
อมรเทพ เศตะพราหมณ์,ประชาธิปัตย์
ผุสดี วงศ์กำแหง,ประชาธิปัตย์
ไสว โชติกะสุภา,ประชาธิปัตย์
วิสูตร สำเร็จวาณิชย์,ไทยรักไทย
บุณฑริกา ประสงค์ดี,ไทยรักไทย
ภักดีหาญส์ หิมะทองคำ,ไทยรักไทย
สามารถ มะลูลีม,ประชาธิปัตย์
ณัชวุฒ (ณัทวุฒิ) หมัดนุรักษ์,ประชาธิปัตย์
ประสิทธิ์ มะหะหมัด,ไทยรักไทย
พินิจ กาญจนชูศักดิ์,ประชาธิปัตย์
ธวัชชัย ปิยนนทยา,ประชาธิปัตย์
ษุภมน หงสกุล หุตะสิงห์,ไทยรักไทย
เดชา ยิ้มอำนวย,ไทยรักไทย
ฉมาดล หงสกุล,ชาติพัฒนา
เนาวรัตน์ อยู่บำรุง,ประชากรไทย
ไพฑูรย์ อิสระเสรีพงษ์,ประชาธิปัตย์
อภิญญา สุนทรสาธิต,ไทยรักไทย
ประเดิมชัย บุญช่วยเหลือ,ประชาธิปัตย์
สุไหง แสวงสุข,ประชาธิปัตย์
กรณิศ งามสุคนธ์รัตนา,ประชาธิปัตย์
สายรุ้ง ปิ่นโมรา,ประชาธิปัตย์
วิรัช อินช่วย,ประชาธิปัตย์
พลภูมิ วิภัติภูมิประเทศ,ไทยรักไทย
ประพนต์ เนตรรังษี,ไทยรักไทย
อนันตชาติ บัวสุวรรณ์,ประชาธิปัตย์
พิรกร วีรกุลสุนทร,ประชาธิปัตย์
สุทธิชัย วีรกุลสุนทร,ประชาธิปัตย์
การุณ โหสกุล,ไทยรักไทย
กนกนุช นากสุวรรณ,ไทยรักไทย
อภิชาติ หาลำเจียก,ประชาธิปัตย์
ศิริพงษ์ ลิมปิชัย,ไทยรักไทย
วันชัย ฟักเอี้ยง,ไทยรักไทย
สุไหง แสวงสุข,ประชาธิปัตย์
วันชัย เปี่ยมสวัสดิ์,ประชาธิปัตย์
วิชัย หุตังคบดี,ไทยรักไทย
นภาพล จีระกุล,ประชาธิปัตย์
วิรัช คงคาเขตร,ประชาธิปัตย์
นฤมล รัตนาภิบาล,ประชาธิปัตย์
สาทร ม่วงศิริ,ประชาธิปัตย์
สายันต์ จันทร์เหมือนเผือก,ไทยรักไทย
ปราณี เชื้อเกตุ,ประชาธิปัตย์
อภิมุข ฉันทวานิช,ประชาธิปัตย์
สุพิน คล้ายนก,ประชาธิปัตย์
เพทาย จั่นเผื่อน,ประชาธิปัตย์
บุศกร คงอุดม,คนบางซื่อ
พรพิมล คงอุดม,คนบางซื่อ
คำรณ บำรุงรักษ์,ไทยรักไทย
สุรชัย ม่วงศิริ,ประชาธิปัตย์
ทวีศักดิ์ กมลเวชช,ประชาธิปัตย์
พิพัฒน์ ลาภปรารถนา,ประชาธิปัตย์
ธนกฤช พุกรักษา,ไทยรักไทย
เมธาวี ธารดำรงค์,ประชาธิปัตย์
กิตพล เชิดชูกิจกุล,ประชาธิปัตย์
เอก จึงเลิศศิริ,ประชาธิปัตย์
พีรพล กนกวลัย,ประชาธิปัตย์
ตรีสิทธิ์ ศิริวรรณ,ประชาธิปัตย์
กานต์กนิษฐ์ แห้วสันตติ,ประชาธิปัตย์
แก้ว แห้วสันตติ,ประชาธิปัตย์
สุธา นิติภานนท์,ประชาธิปัตย์
วิรัตน์ มีนชัยนันท์,ไทยรักไทย
อมรเทพ เศตะพราหมณ์,ไทยรักไทย
ผุสดี วงศ์กำแหง,ประชาธิปัตย์
ไสว โชติกะสุภา,ประชาธิปัตย์
วิสูตร สำเร็จวาณิชย์,ไทยรักไทย
กษิดิ์เดช ชุติมันต์,ประชาธิปัตย์
บำรุง รัตนะ,ประชาธิปัตย์
ประสิทธิ์ รักสลาม,ประชาธิปัตย์
ณัทวุฒิ หมัดนุรักษ์,ประชาธิปัตย์
ประสิทธิ์ มะหะหมัด,ไทยรักไทย
พินิจ กาญจนชูศักดิ์,ประชาธิปัตย์
ธวัชชัย ปิยนนทยา,ประชาธิปัตย์
ษุภมน หงสกุล หุตะสิงห์,ไทยรักไทย
สมชาย เวสารัชตระกูล,ประชาธิปัตย์
นวรัตน์ อยู่บำรุง,พัฒนาหนองแขม
ไพฑูรย์ อิสระเสรีพงษ์,ไทยรักไทย
เรณุมาศ อิศรภักดี,อิสระ
ประเดิมชัย บุญช่วยเหลือ,ไทยรักไทย
กรณิศ งามสุคนธ์รัตนา,ประชาธิปัตย์
สมชาย เต็มไพบูลย์กุล,ประชาธิปัตย์
วิรัช อินช่วย,ประชาธิปัตย์
ชูชาติ ประเสริฐกรรณ,ประชาธิปัตย์
ชญาดา วิภัติภูมิประเทศ,ประชาธิปัตย์
พลภูมิ วิภัติภูมิประเทศ,ประชาธิปัตย์
กานต์ มูสิกะ,ประชาธิปัตย์
ประพนต์ เนตรรังษี,เพื่อไทย
อนันตชาติ บัวสุวรรณ์,ประชาธิปัตย์
พิรกร วีรกุลสุนทร,ประชาธิปัตย์
สุทธิชัย วีรกุลสุนทร,ประชาธิปัตย์
สุริยา โหสกุล,เพื่อไทย
กนกนุช นากสุวรรณภา,ประชาธิปัตย์
พนา วุฒิเดช,เพื่อไทย
พิมพ์ชนา โหสกุล,เพื่อไทย
อนงค์ เพชรทัต,เพื่อไทย
ศิริพงษ์ ลิมปิชัย,เพื่อไทย
วันชัย ฟักเอี้ยง,ประชาธิปัตย์
สุไหง แสวงสุข,ประชาธิปัตย์
วันชัย เปี่ยมสวัสดิ์,ประชาธิปัตย์
วิชัย หุตังคบดี,เพื่อไทย
นภาพล จีระกุล,ประชาธิปัตย์
วิรัช คงคาเขตร,ประชาธิปัตย์
ประเสริฐ ทองนุ่น,ประชาธิปัตย์
นฤมล รัตนาภิบาล,ประชาธิปัตย์
ประพันธ์ ม่วงศิริ,ไทยรักไทย
ประพันธ์ ม่วงศิริ,ไทยรักไทย
สายันต์ จันทร์เหมือนเผือก,เพื่อไทย
ปราณี เชื้อเกตุ,ประชาธิปัตย์
อภิมุข ฉันทวานิช,ประชาธิปัตย์
สุพิน คล้ายนก,ประชาธิปัตย์
เพทาย จั่นเผื่อน,ประชาธิปัตย์
พรพิมล คงอุดม,ประชาธิปัตย์
คำรณ บำรุงรักษ์,ประชาธิปัตย์
ณรงค์ศักดิ์ ม่วงศิริ,ประชาธิปัตย์
คมสัน พันธุ์วิชาติกุล,ประชาธิปัตย์
พิพัฒน์ ลาภปรารถนา,ประชาธิปัตย์
แมน เจริญวัลย์,ประชาธิปัตย์
อุไร อนันตสิน,ประชาธิปัตย์
ธนวัฒน์ เชิดชูกิจกุล,ประชาธิปัตย์
กิตพล เชิดชูกิจกุล,ประชาธิปัตย์
เอก จึงเลิศศิริ,ประชาธิปัตย์
พีรพล กนกวลัย,ประชาธิปัตย์
ตรีสิทธิ์ ศิริวรรณ,ประชาธิปัตย์
กานต์กนิษฐ์ แห้วสันตติ,ประชาธิปัตย์
สุธา นิติภานนท์,ประชาธิปัตย์
วิรัตน์ มีนชัยนันท์,เพื่อไทย
อมรเทพ เศตะพราหมณ์,ประชาธิปัตย์
ผุสดี วงศ์กำแหง,ประชาธิปัตย์
ไสว โชติกะสุภา,ประชาธิปัตย์
วิสูตร สำเร็จวาณิชย์,เพื่อไทย
ณัฐ สำเร็จวาณิชย์,เพื่อไทย
กษิดิ์เดช ชุติมันต์,ประชาธิปัตย์
บำรุง วัฒนะ,ประชาธิปัตย์
ประสิทธิ์ รักสลาม,ประชาธิปัตย์
ณัทวุฒิ หมัดนุรักษ์,ประชาธิปัตย์
ประสิทธิ์ มะหะหมัด,เพื่อไทย
พินิจ กาญจนชูศักดิ์,ประชาธิปัตย์
ธวัชชัย ปิยนนทยา,ประชาธิปัตย์
รัตติกาล แก้วเกิดมี,ประชาธิปัตย์
สมชาย เวสารัชตระกูล,ประชาธิปัตย์
นวรัตน์ อยู่บำรุง,เพื่อไทย
ไพฑูรย์ อิสระเสรีพงษ์,เพื่อไทย
เรณุมาศ อิศรภักดี,อิสระ
ประเดิมชัย บุญช่วยเหลือ,เพื่อไทย
กิตติ บุศยพลากร,อิสระ
เกรียงศักดิ์ โลหะชาละ,อิสระ
โกญจนาท จุณณะภาต,อิสระ
คนินทร วงศาโรจน์,อิสระ
คำรณ โกมลศุภกิจ,อิสระ
ฉัตรชัย พรหมเลิศ,อิสระ
ชยาวุธ ศิริยุทธ์วัฒนา,อิสระ
เชนทร์ วิพัฒน์บวรวงศ์,อิสระ
โชติภณ จันทร์อยู่,อิสระ
ดวงพร รุจิเรข,อิสระ
ธวัชชัย ฟักอังกูร,อิสระ
ธีระศักดิ์ ง่วนบรรจง,อิสระ
ประสพโชค พร้อมมูล,อิสระ
พรชัย เทพปัญญา,อิสระ
พรเทพ ศิริวนารังสรรค์,อิสระ
พลบูรณ์ ชำนาญกูล,อิสระ
ไพฑูรย์ ขัมภรัตน์,อิสระ
เฟื่องฟ้า เทียนประภาสิทธิ์,อิสระ
ภาส ภาสสัทธา,อิสระ
วรรณวิไล พรหมลักขโณ,อิสระ
วารินทร์ เดชเจริญ,อิสระ
วิชาญ ธรรมสุจริต,อิสระ
สงขลา วิชัยขัทคะ,อิสระ
สมบูรณ์ ม่วงกล่ำ,อิสระ
สุกัญญา สุวัฒนวงศ์,อิสระ
สุทธิชัย ทรรศนสฤษดิ์,อิสระ
สุทธิชัย วงษ์บุบผา,อิสระ
อภิรัตน์ ศิวพรพิทักษ์,อิสระ
อัครวัฒน์ เทพหัสดิน ณ อยุธยา,อิสระ
